{
  "au_columns": [
    "AU01_r_mean",
    "AU02_r_mean",
    "AU04_r_mean",
    "AU05_r_mean",
    "AU06_r_mean",
    "AU07_r_mean",
    "AU09_r_mean",
    "AU10_r_mean",
    "AU12_r_mean",
    "AU14_r_mean",
    "AU15_r_mean",
    "AU17_r_mean",
    "AU20_r_mean",
    "AU23_r_mean",
    "AU25_r_mean",
    "AU26_r_mean",
    "AU45_r_mean"
  ],
  "mean": [
    0.22605638464497668,
    0.13680865846654472,
    0.464712925408642,
    0.05861613583594809,
    0.9538140148598264,
    0.8949994062690907,
    0.1270795310703231,
    1.3507642307138776,
    1.2180549696389444,
    0.8217361231172204,
    0.16927621597860293,
    0.506530709135032,
    0.16027639805111296,
    0.2082360209654156,
    0.7720938380116934,
    0.43952283752753674,
    0.21141213498500677
  ],
  "std": [
    0.36441748105566163,
    0.2589096976848103,
    0.6505981450173566,
    0.11369058411146943,
    0.5820340919984915,
    0.8183485283214048,
    0.19284213342579917,
    0.6663234029823919,
    0.5106935690485996,
    0.586357796376391,
    0.25863523912771186,
    0.42409639922640957,
    0.2724398079311597,
    0.2723942481449018,
    0.4700824305366687,
    0.36508343039800967,
    0.26009156697275126
  ],
  "logistic_coef": [
    -0.12336156901284874,
    -0.04635006013000832,
    -0.10808226190328082,
    -0.03505777838378182,
    0.19569379332730857,
    0.0003497009638243017,
    0.14022656443484977,
    -0.07885955058029134,
    0.26962814237782384,
    0.05265538697114592,
    -0.0915712471765459,
    -0.11952978923242225,
    -0.056450302535335076,
    0.07352965660468874,
    0.2197206352286573,
    -0.0907233010067676,
    -0.11950441278915783
  ],
  "logistic_intercept": 0.5863227659851988,
  "formula": "score = sigmoid(sum(coef_i * (AU_i - mean_i) / std_i) + intercept)"
}