{
  "AU06_r_mean": 0.2765960816224515,
  "AU25_r_mean": 0.22920332251384926,
  "AU12_r_mean": 0.20051493970989362,
  "AU20_r_mean": -0.14674472762187876,
  "AU04_r_mean": -0.1463367336547501,
  "AU17_r_mean": -0.14288394843682722,
  "AU01_r_mean": -0.1349340364384095,
  "AU45_r_mean": -0.12886926463532536,
  "AU15_r_mean": -0.11865141204314596,
  "AU09_r_mean": 0.11613473229534756,
  "AU02_r_mean": -0.1116731242975529,
  "AU26_r_mean": -0.09864865860136525,
  "AU05_r_mean": -0.08391426858504258,
  "AU14_r_mean": 0.08228066181592837,
  "AU23_r_mean": 0.0610494085765207,
  "AU10_r_mean": -0.02177960739020859,
  "AU07_r_mean": 6.490246549383408e-05
}