{
  "AU12_r_mean": 0.26962814237782384,
  "AU25_r_mean": 0.2197206352286573,
  "AU06_r_mean": 0.19569379332730857,
  "AU09_r_mean": 0.14022656443484977,
  "AU01_r_mean": -0.12336156901284874,
  "AU17_r_mean": -0.11952978923242225,
  "AU45_r_mean": -0.11950441278915783,
  "AU04_r_mean": -0.10808226190328082,
  "AU15_r_mean": -0.0915712471765459,
  "AU26_r_mean": -0.0907233010067676,
  "AU10_r_mean": -0.07885955058029134,
  "AU23_r_mean": 0.07352965660468874,
  "AU20_r_mean": -0.056450302535335076,
  "AU14_r_mean": 0.05265538697114592,
  "AU02_r_mean": -0.04635006013000832,
  "AU05_r_mean": -0.03505777838378182,
  "AU07_r_mean": 0.0003497009638243017
}