{
  "model_name": "smile_detector_v2",
  "description": "Binary smile detector: z-score AU features + temporal deltas + audio VAD",
  "trained_at": "2026-03-27T21:33:31Z",
  "n_train": 859,
  "n_smile": 556,
  "n_not_smile": 303,
  "data_sources": [
    "recall_annotations",
    "smile_annotations",
    "pilot_smile_annotations"
  ],
  "feature_names": [
    "au_zscore_AU06_r",
    "au_zscore_AU12_r",
    "au_zscore_AU10_r",
    "au_zscore_AU07_r",
    "au_zscore_AU25_r",
    "au_delta_before_AU06_r",
    "au_delta_before_AU12_r",
    "au_delta_after_AU06_r",
    "au_delta_after_AU12_r",
    "audio_during_valence",
    "audio_during_arousal",
    "audio_during_dominance",
    "audio_before10s_valence",
    "audio_before10s_arousal",
    "audio_before10s_dominance",
    "audio_after10s_valence",
    "audio_after10s_arousal",
    "audio_after10s_dominance",
    "audio_delta_before_arousal",
    "audio_delta_after_arousal",
    "audio_during_coverage"
  ],
  "scaler_mean": [
    1.2493891744088104,
    1.6760582695443,
    0.6429598972792993,
    0.6416762242295755,
    0.5637157038937448,
    0.3603041083902181,
    0.5329764829585292,
    0.30013203051583914,
    0.4587395112912331,
    0.391779394688861,
    0.4647172314432879,
    0.42941559606624224,
    0.3724785420965515,
    0.44478055713298503,
    0.4160838996152733,
    0.37501588143896136,
    0.4491865678773148,
    0.4162632057883733,
    0.019936674310302882,
    0.015530663565973107,
    0.7739641443538998
  ],
  "scaler_std": [
    1.5696891332700944,
    1.599459586656166,
    0.9342093150570621,
    1.1771566137422176,
    0.883983004266299,
    0.4419015836880536,
    0.5129700039665933,
    0.41872327115582253,
    0.4828123491240536,
    0.12935843394338803,
    0.12196224237743887,
    0.10429245703344184,
    0.11138377505564435,
    0.08837410702778047,
    0.09114067310421159,
    0.10886980730334846,
    0.09080873349181,
    0.09054112578938879,
    0.10384819584400759,
    0.10853153239566367,
    0.2653177850671325
  ],
  "logistic_coef": [
    0.7576123793440311,
    0.4244729417853788,
    0.4293909436840038,
    0.34747888467897303,
    0.15992915986178433,
    0.05477110674303547,
    0.2456785439959124,
    0.02449202328691804,
    -0.09169495438226215,
    0.28727676198730695,
    0.16977127019151017,
    -0.02725846408584863,
    0.24444726453420548,
    0.035491410698501404,
    0.015398344919474142,
    -0.01281941034746384,
    0.30001056166592455,
    -0.14632720086753206,
    0.16918120660061609,
    -0.06023958374965076,
    -0.13492795221804413
  ],
  "logistic_intercept": 1.1823044219684482,
  "regularization_C": 0.1,
  "formula": "score = sigmoid(sum(coef_i * (feature_i - mean_i) / std_i) + intercept)",
  "cv_metrics": {
    "n_folds": 20,
    "auc_mean": 0.8618,
    "auc_std": 0.0429,
    "f1_mean": 0.8434,
    "f1_std": 0.0348,
    "precision_mean": 0.8189,
    "precision_std": 0.0577,
    "recall_mean": 0.8724,
    "recall_std": 0.0367
  }
}